boundary,mean,mean_abs,max_abs,min,max,std
bottom wall (j=0),0.000000e+00,0.000000e+00,0.000000e+00,0.000000e+00,0.000000e+00,0.000000e+00
bottom first interior (j=1),5.794127e-04,2.467023e-03,1.635456e-02,-1.169870e-02,1.635456e-02,3.225707e-03
top first interior (j=W-2),5.877066e-04,4.119612e-03,3.775346e+00,-8.660633e-01,3.775346e+00,3.823443e-02
top wall (j=W-1),0.000000e+00,0.000000e+00,0.000000e+00,0.000000e+00,0.000000e+00,0.000000e+00
inlet (i=0),0.000000e+00,0.000000e+00,0.000000e+00,0.000000e+00,0.000000e+00,0.000000e+00
outlet (i=L-1),3.418306e-02,7.857049e-02,3.775346e+00,-2.180890e-01,3.775346e+00,1.412173e-01
