boundary,mean,mean_abs,max_abs,min,max,std
bottom wall (j=0),0.000000e+00,0.000000e+00,0.000000e+00,0.000000e+00,0.000000e+00,0.000000e+00
bottom first interior (j=1),7.664950e-03,7.666300e-03,2.909466e-02,-2.839811e-03,2.909466e-02,3.426226e-03
top first interior (j=W-2),8.061744e-03,8.277228e-03,1.810138e+00,-1.810138e+00,3.894241e-01,1.077256e-02
top wall (j=W-1),0.000000e+00,0.000000e+00,0.000000e+00,0.000000e+00,0.000000e+00,0.000000e+00
inlet (i=0),1.653646e-01,1.653646e-01,2.500000e-01,0.000000e+00,2.500000e-01,7.569339e-02
outlet (i=L-1),1.606701e-01,1.614884e-01,1.810138e+00,-1.810138e+00,4.304262e-01,8.438983e-02
